Upload a file for malware detection,output,flag,username,timestamp
flagged\Upload a file for malware detection\2ff09d901757c7c6dce4\5g99syzrcn.mal,,,,41:44.3
flagged\Upload a file for malware detection\ed9415837312e3558e30\test_malware.txt,Malware detected,,,2024-08-12 10:37:10.789623
flagged\Upload a file for malware detection\3971f3a919e587f2f557\one time password.txt,Malware detected,,,2024-08-12 10:37:21.858701
,,,2024-08-12 14:39:05.514260
F:\Cyber_Ai-main\Malware detection\malware_test_folder,"Malware Files: 12
F:\Cyber_Ai-main\Malware detection\malware_test_folder\027uw2nnys.mal
F:\Cyber_Ai-main\Malware detection\malware_test_folder\15dy7pbsep.mal
F:\Cyber_Ai-main\Malware detection\malware_test_folder\352gji5sy2.mal
F:\Cyber_Ai-main\Malware detection\malware_test_folder\5g99syzrcn.mal
F:\Cyber_Ai-main\Malware detection\malware_test_folder\70qv640x9p.mal
F:\Cyber_Ai-main\Malware detection\malware_test_folder\aaap78jifu.mal
F:\Cyber_Ai-main\Malware detection\malware_test_folder\APT34.md5
F:\Cyber_Ai-main\Malware detection\malware_test_folder\bxjzja9g0h.mal
F:\Cyber_Ai-main\Malware detection\malware_test_folder\c1ix4mnj48.mal
F:\Cyber_Ai-main\Malware detection\malware_test_folder\e5z7nr7aga.mal
F:\Cyber_Ai-main\Malware detection\malware_test_folder\npcap-1.79.exe
F:\Cyber_Ai-main\Malware detection\malware_test_folder\o834p3lyca.mal

Clean Files: 0
",,,2024-08-12 14:58:44.145071
flagged\Upload a file for malware detection\e0464a762caced1dd5a4\5g99syzrcn.mal,Malware detected,,,2024-08-12 14:58:56.230216
